Campo,Valore
Nome,Antonio Russo
Ruolo,Elettricista industriale
Città,Brescia
Telefono,+39 331 1213141
Email,antonio.russo@email.it
Profilo,"Elettricista con 16 anni di esperienza in impianti industriali, quadri elettrici e automazione con PLC."
Esperienza,Capo squadra elettricisti | Impianti Lombardi Srl | 2015 - Presente
Esperienza,Elettricista | Elettro Service | 2009 - 2015
Competenza,Quadri elettrici di potenza
Competenza,PLC Siemens S7
Competenza,Impianti fotovoltaici
Competenza,Certificazione PES-PAV
Competenza,Domotica KNX
